"dec","hex","ascii",0,1,2,3,4,5,6,7,8,"friden
bull","upper","friden
 president",
1,"1","","‚òª","","","‚óè","","","","","",1,"¬∫",1,"‚Äú"
2,"2","","","‚òª","","‚óè","","","","","",2,"‚Äú",2,"&"
3,"3","","‚òª","‚òª","","‚óè","","","","","",,,,
4,"4","","","","‚òª","‚óè","","","","","",4,"=",4,"="
5,"5","","‚òª","","‚òª","‚óè","","","","","",,,,
6,"6","","","‚òª","‚òª","‚óè","","","","","",,,,
7,"7","","‚òª","‚òª","‚òª","‚óè","","","","","","Œ±","Œ≤",7,"/"
8,"8","","","","","‚óè","‚òª","","","","",0,")",8,"+"
9,"9","	","‚òª","","","‚óè","‚òª","","","","",,,,
10,"A","CR","","‚òª","","‚óè","‚òª","","","","",,,,
11,"B","","‚òª","‚òª","","‚óè","‚òª","","","","","space","space","ctrl","ctrl"
12,"C","","","","‚òª","‚óè","‚òª","","","","",,,,
13,"D","","‚òª","","‚òª","‚óè","‚òª","","","","","cr","cr",,
14,"E","","","‚òª","‚òª","‚óè","‚òª","","","","","¬¥","`",,
15,"F","","‚òª","‚òª","‚òª","‚óè","‚òª","","","","",,,,
16,"10","","","","","‚óè","","‚òª","","","",,,"space","space"
17,"11","","‚òª","","","‚óè","","‚òª","","","",,,,
18,"12","","","‚òª","","‚óè","","‚òª","","","",,,,
19,"13","","‚òª","‚òª","","‚óè","","‚òª","","","",3,":",3,";"
20,"14","","","","‚òª","‚óè","","‚òª","","","",,,,
21,"15","","‚òª","","‚òª","‚óè","","‚òª","","","",5,"%",5,"%"
22,"16","","","‚òª","‚òª","‚óè","","‚òª","","","",6,"*",6,"?"
23,"17","","‚òª","‚òª","‚òª","‚óè","","‚òª","","","",,,,
24,"18","","","","","‚óè","‚òª","‚òª","","","",,,,
25,"19","","‚òª","","","‚óè","‚òª","‚òª","","","","stop read","stop read",9,"("
26,"1A","","","‚òª","","‚óè","‚òª","‚òª","","","",",",",",,
27,"1B","","‚òª","‚òª","","‚óè","‚òª","‚òª","","","",,,,
28,"1C","","","","‚òª","‚óè","‚òª","‚òª","","","","tab","tab",,
29,"1D","","‚òª","","‚òª","‚óè","‚òª","‚òª","","","",,,,
30,"1E","","","‚òª","‚òª","‚óè","‚òª","‚òª","","","",,,,
31,"1F","","‚òª","‚òª","‚òª","‚óè","‚òª","‚òª","","","","switch read","switch read",,
32,"20"," ","","","","‚óè","","","‚òª","","",7,"/",0,")"
33,"21","!","‚òª","","","‚óè","","","‚òª","","",,,,
34,"22","""","","‚òª","","‚óè","","","‚òª","","",,,,
35,"23","#","‚òª","‚òª","","‚óè","","","‚òª","","","e","E","t","T"
36,"24","$","","","‚òª","‚óè","","","‚òª","","",,,,
37,"25","%","‚òª","","‚òª","‚óè","","","‚òª","","","g","G","v","V"
38,"26","&","","‚òª","‚òª","‚óè","","","‚òª","","","h","H","w","W"
39,"27","'","‚òª","‚òª","‚òª","‚óè","","","‚òª","","",,,,
40,"28","(","","","","‚óè","‚òª","","‚òª","","",,,,
41,"29",")","‚òª","","","‚óè","‚òª","","‚òª","","","a","A","z","Z"
42,"2A","*","","‚òª","","‚óè","‚òª","","‚òª","","",,,"backspace","backspace"
43,"2B","+","‚òª","‚òª","","‚óè","‚òª","","‚òª","","",,,,
44,"2C",",","","","‚òª","‚óè","‚òª","","‚òª","","",,,,
45,"2D","-","‚òª","","‚òª","‚óè","‚òª","","‚òª","","",,,,
46,"2E",".","","‚òª","‚òª","‚óè","‚òª","","‚òª","","",,,,
47,"2F","/","‚òª","‚òª","‚òª","‚óè","‚òª","","‚òª","","",,,"lowercase","lowercase"
48,"30","0","","","","‚óè","","‚òª","‚òª","","",,,,
49,"31","1","‚òª","","","‚óè","","‚òª","‚òª","","","c",,"¬¥","`"
50,"32","2","","‚òª","","‚óè","","‚òª","‚òª","","","d",,"s","S"
51,"33","3","‚òª","‚òª","","‚óè","","‚òª","‚òª","","",,,,
52,"34","4","","","‚òª","‚óè","","‚òª","‚òª","","","f",,"u","U"
53,"35","5","‚òª","","‚òª","‚óè","","‚òª","‚òª","","",,,,
54,"36","6","","‚òª","‚òª","‚óè","","‚òª","‚òª","","",,,,
55,"37","7","‚òª","‚òª","‚òª","‚óè","","‚òª","‚òª","","","lowercase","lowercase","x","X"
56,"38","8","","","","‚óè","‚òª","‚òª","‚òª","","","b",,"y","Y"
57,"39","9","‚òª","","","‚óè","‚òª","‚òª","‚òª","","",,,,
58,"3A",":","","‚òª","","‚óè","‚òª","‚òª","‚òª","","",,,,
59,"3B",";","‚òª","‚òª","","‚óè","‚òª","‚òª","‚òª","","",,,",","'"
60,"3C","<","","","‚òª","‚óè","‚òª","‚òª","‚òª","","",,,,
61,"3D","=","‚òª","","‚òª","‚óè","‚òª","‚òª","‚òª","","",,,,
62,"3E",">","","‚òª","‚òª","‚óè","‚òª","‚òª","‚òª","","",,,"uppercase","uppercase"
63,"3F","?","‚òª","‚òª","‚òª","‚óè","‚òª","‚òª","‚òª","","",,,,
64,"40","@","","","","‚óè","","","","‚òª","",8,"+",,
65,"41","A","‚òª","","","‚óè","","","","‚òª","",,,,
66,"42","B","","‚òª","","‚óè","","","","‚òª","",,,,
67,"43","C","‚òª","‚òª","","‚óè","","","","‚òª","","n","N","l","L"
68,"44","D","","","‚òª","‚óè","","","","‚òª","",,,,
69,"45","E","‚òª","","‚òª","‚óè","","","","‚òª","","q","Q","n","N"
70,"46","F","","‚òª","‚òª","‚óè","","","","‚òª","","r","R","o","O"
71,"47","G","‚òª","‚òª","‚òª","‚óè","","","","‚òª","",,,,
72,"48","H","","","","‚óè","‚òª","","","‚òª","",,,,
73,"49","I","‚òª","","","‚óè","‚òª","","","‚òª","","j","J","r","R"
74,"4A","J","","‚òª","","‚óè","‚òª","","","‚òª","",,,,
75,"4B","K","‚òª","‚òª","","‚óè","‚òª","","","‚òª","",,,,
76,"4C","L","","","‚òª","‚óè","‚òª","","","‚òª","",,,"punch on","punch on"
77,"4D","M","‚òª","","‚òª","‚óè","‚òª","","","‚òª","",,,,
78,"4E","N","","‚òª","‚òª","‚óè","‚òª","","","‚òª","",,,,
79,"4F","O","‚òª","‚òª","‚òª","‚óè","‚òª","","","‚òª","",,,,
80,"50","P","","","","‚óè","","‚òª","","‚òª","",,,,
81,"51","Q","‚òª","","","‚óè","","‚òª","","‚òª","","l","L","j","J"
82,"52","R","","‚òª","","‚óè","","‚òª","","‚òª","","m","M","k","K"
83,"53","S","‚òª","‚òª","","‚óè","","‚òª","","‚òª","",,,,
84,"54","T","","","‚òª","‚óè","","‚òª","","‚òª","","p","P","m","M"
85,"55","U","‚òª","","‚òª","‚óè","","‚òª","","‚òª","",,,,
86,"56","V","","‚òª","‚òª","‚óè","","‚òª","","‚òª","",,,,
87,"57","W","‚òª","‚òª","‚òª","‚óè","","‚òª","","‚òª","","uppercase","uppercase","p","P"
88,"58","X","","","","‚óè","‚òª","‚òª","","‚òª","","k","K","q","Q"
89,"59","Y","‚òª","","","‚óè","‚òª","‚òª","","‚òª","",,,,
90,"5A","Z","","‚òª","","‚óè","‚òª","‚òª","","‚òª","",,,,
91,"5B","[","‚òª","‚òª","","‚óè","‚òª","‚òª","","‚òª","",,,"^","¬®"
92,"5C","\","","","‚òª","‚óè","‚òª","‚òª","","‚òª","",,,,
93,"5D","]","‚òª","","‚òª","‚óè","‚òª","‚òª","","‚òª","",,,,
94,"5E","^","","‚òª","‚òª","‚óè","‚òª","‚òª","","‚òª","",,,,
95,"5F","_","‚òª","‚òª","‚òª","‚óè","‚òª","‚òª","","‚òª","",,,,
96,"60","`","","","","‚óè","","","‚òª","‚òª","",,,,
97,"61","a","‚òª","","","‚óè","","","‚òª","‚òª","","u","U","a","A"
98,"62","b","","‚òª","","‚óè","","","‚òª","‚òª","","v","V","b","B"
99,"63","c","‚òª","‚òª","","‚óè","","","‚òª","‚òª","",,,,
100,"64","d","","","‚òª","‚óè","","","‚òª","‚òª","","x","X","d","D"
101,"65","e","‚òª","","‚òª","‚óè","","","‚òª","‚òª","",,,,
102,"66","f","","‚òª","‚òª","‚óè","","","‚òª","‚òª","",,,,
103,"67","g","‚òª","‚òª","‚òª","‚óè","","","‚òª","‚òª","","punch off","punch off","g","G"
104,"68","h","","","","‚óè","‚òª","","‚òª","‚òª","","t","T","h","H"
105,"69","i","‚òª","","","‚óè","‚òª","","‚òª","‚òª","",,,,
106,"6A","j","","‚òª","","‚óè","‚òª","","‚òª","‚òª","",,,,
107,"6B","k","‚òª","‚òª","","‚óè","‚òª","","‚òª","‚òª","",,,".",":"
108,"6C","l","","","‚òª","‚óè","‚òª","","‚òª","‚òª","",,,,
109,"6D","m","‚òª","","‚òª","‚óè","‚òª","","‚òª","‚òª","","i","I",,
110,"6E","n","","‚òª","‚òª","‚óè","‚òª","","‚òª","‚òª","",,,,
111,"6F","o","‚òª","‚òª","‚òª","‚óè","‚òª","","‚òª","‚òª","",,,,
112,"70","p","","","","‚óè","","‚òª","‚òª","‚òª","",9,"(","-","_"
113,"71","q","‚òª","","","‚óè","","‚òª","‚òª","‚òª","",,,,
114,"72","r","","‚òª","","‚óè","","‚òª","‚òª","‚òª","",,,,
115,"73","s","‚òª","‚òª","","‚óè","","‚òª","‚òª","‚òª","","w","W","c","C"
116,"74","t","","","‚òª","‚óè","","‚òª","‚òª","‚òª","",,,,
117,"75","u","‚òª","","‚òª","‚óè","","‚òª","‚òª","‚òª","","y","Y","e","E"
118,"76","v","","‚òª","‚òª","‚óè","","‚òª","‚òª","‚òª","","z","Z","f","F"
119,"77","w","‚òª","‚òª","‚òª","‚óè","","‚òª","‚òª","‚òª","",,,,
120,"78","x","","","","‚óè","‚òª","‚òª","‚òª","‚òª","",,,,
121,"79","y","‚òª","","","‚óè","‚òª","‚òª","‚òª","‚òª","","s","S","i","I"
122,"7A","z","","‚òª","","‚óè","‚òª","‚òª","‚òª","‚òª","",,,"punch off","punch off"
123,"7B","{","‚òª","‚òª","","‚óè","‚òª","‚òª","‚òª","‚òª","",,,,
124,"7C","|","","","‚òª","‚óè","‚òª","‚òª","‚òª","‚òª","","o","O","tab","tab"
125,"7D","}","‚òª","","‚òª","‚óè","‚òª","‚òª","‚òª","‚òª","",,,,
126,"7E","~","","‚òª","‚òª","‚óè","‚òª","‚òª","‚òª","‚òª","",,,,
127,"7F","","‚òª","‚òª","‚òª","‚óè","‚òª","‚òª","‚òª","‚òª","",,,,
128,"80","ÔæÄ","","","","‚óè","","","","","‚òª",,,"cr","cr"
129,"81","ÔæÅ","‚òª","","","‚óè","","","","","‚òª",,,,
130,"82","ÔæÇ","","‚òª","","‚óè","","","","","‚òª",,,,
131,"83","ÔæÉ","‚òª","‚òª","","‚óè","","","","","‚òª",,,,
132,"84","ÔæÑ","","","‚òª","‚óè","","","","","‚òª",,,,
133,"85","ÔæÖ","‚òª","","‚òª","‚óè","","","","","‚òª",,,,
134,"86","ÔæÜ","","‚òª","‚òª","‚óè","","","","","‚òª",,,,
135,"87","Ôæá","‚òª","‚òª","‚òª","‚óè","","","","","‚òª",,,,
136,"88","Ôæà","","","","‚óè","‚òª","","","","‚òª",,,,
137,"89","Ôæâ","‚òª","","","‚óè","‚òª","","","","‚òª",,,,
138,"8A","Ôæä","","‚òª","","‚óè","‚òª","","","","‚òª",,,,
139,"8B","Ôæã","‚òª","‚òª","","‚óè","‚òª","","","","‚òª",,,,
140,"8C","Ôæå","","","‚òª","‚óè","‚òª","","","","‚òª",,,,
141,"8D","Ôæç","‚òª","","‚òª","‚óè","‚òª","","","","‚òª",,,,
142,"8E","Ôæé","","‚òª","‚òª","‚óè","‚òª","","","","‚òª",,,,
143,"8F","Ôæè","‚òª","‚òª","‚òª","‚óè","‚òª","","","","‚òª","^","¬®",,
144,"90","Ôæê","","","","‚óè","","‚òª","","","‚òª",,,,
145,"91","Ôæë","‚òª","","","‚óè","","‚òª","","","‚òª",,,,
146,"92","Ôæí","","‚òª","","‚óè","","‚òª","","","‚òª",,,,
147,"93","Ôæì","‚òª","‚òª","","‚óè","","‚òª","","","‚òª",,,,
148,"94","Ôæî","","","‚òª","‚óè","","‚òª","","","‚òª",,,,
149,"95","Ôæï","‚òª","","‚òª","‚óè","","‚òª","","","‚òª",,,,
150,"96","Ôæñ","","‚òª","‚òª","‚óè","","‚òª","","","‚òª",,,,
151,"97","Ôæó","‚òª","‚òª","‚òª","‚óè","","‚òª","","","‚òª",".",".",,
152,"98","Ôæò","","","","‚óè","‚òª","‚òª","","","‚òª",,,,
153,"99","Ôæô","‚òª","","","‚óè","‚òª","‚òª","","","‚òª",,,,
154,"9A","Ôæö","","‚òª","","‚óè","‚òª","‚òª","","","‚òª",,,,
155,"9B","Ôæõ","‚òª","‚òª","","‚óè","‚òª","‚òª","","","‚òª",,,,
156,"9C","Ôæú","","","‚òª","‚óè","‚òª","‚òª","","","‚òª",,,,
157,"9D","Ôæù","‚òª","","‚òª","‚óè","‚òª","‚òª","","","‚òª",,,,
158,"9E","Ôæû","","‚òª","‚òª","‚óè","‚òª","‚òª","","","‚òª",,,,
159,"9F","Ôæü","‚òª","‚òª","‚òª","‚óè","‚òª","‚òª","","","‚òª",,,,
160,"A0","Ôæ†","","","","‚óè","","","‚òª","","‚òª",,,,
161,"A1","Ôæ°","‚òª","","","‚óè","","","‚òª","","‚òª",,,,
162,"A2","Ôæ¢","","‚òª","","‚óè","","","‚òª","","‚òª",,,,
163,"A3","Ôæ£","‚òª","‚òª","","‚óè","","","‚òª","","‚òª",,,,
164,"A4","Ôæ§","","","‚òª","‚óè","","","‚òª","","‚òª",,,,
165,"A5","Ôæ•","‚òª","","‚òª","‚óè","","","‚òª","","‚òª",,,,
166,"A6","Ôæ¶","","‚òª","‚òª","‚óè","","","‚òª","","‚òª",,,,
167,"A7","Ôæß","‚òª","‚òª","‚òª","‚óè","","","‚òª","","‚òª","&",";",,
168,"A8","Ôæ®","","","","‚óè","‚òª","","‚òª","","‚òª",,,,
169,"A9","Ôæ©","‚òª","","","‚óè","‚òª","","‚òª","","‚òª",,,,
170,"AA","Ôæ™","","‚òª","","‚óè","‚òª","","‚òª","","‚òª",,,,
171,"AB","Ôæ´","‚òª","‚òª","","‚óè","‚òª","","‚òª","","‚òª",,,,
172,"AC","Ôæ¨","","","‚òª","‚óè","‚òª","","‚òª","","‚òª",,,,
173,"AD","Ôæ≠","‚òª","","‚òª","‚óè","‚òª","","‚òª","","‚òª",,,,
174,"AE","ÔæÆ","","‚òª","‚òª","‚óè","‚òª","","‚òª","","‚òª",,,,
175,"AF","ÔæØ","‚òª","‚òª","‚òª","‚óè","‚òª","","‚òª","","‚òª",,,,
176,"B0","Ôæ∞","","","","‚óè","","‚òª","‚òª","","‚òª",,,,
177,"B1","Ôæ±","‚òª","","","‚óè","","‚òª","‚òª","","‚òª",,,,
178,"B2","Ôæ≤","","‚òª","","‚óè","","‚òª","‚òª","","‚òª",,,,
179,"B3","Ôæ≥","‚òª","‚òª","","‚óè","","‚òª","‚òª","","‚òª",,,,
180,"B4","Ôæ¥","","","‚òª","‚óè","","‚òª","‚òª","","‚òª",,,,
181,"B5","Ôæµ","‚òª","","‚òª","‚óè","","‚òª","‚òª","","‚òª",,,,
182,"B6","Ôæ∂","","‚òª","‚òª","‚óè","","‚òª","‚òª","","‚òª",,,,
183,"B7","Ôæ∑","‚òª","‚òª","‚òª","‚óè","","‚òª","‚òª","","‚òª",,,,
184,"B8","Ôæ∏","","","","‚óè","‚òª","‚òª","‚òª","","‚òª",,,,
185,"B9","Ôæπ","‚òª","","","‚óè","‚òª","‚òª","‚òª","","‚òª",,,,
186,"BA","Ôæ∫","","‚òª","","‚óè","‚òª","‚òª","‚òª","","‚òª",,,,
187,"BB","Ôæª","‚òª","‚òª","","‚óè","‚òª","‚òª","‚òª","","‚òª",,,,
188,"BC","Ôæº","","","‚òª","‚óè","‚òª","‚òª","‚òª","","‚òª",,,,
189,"BD","ÔæΩ","‚òª","","‚òª","‚óè","‚òª","‚òª","‚òª","","‚òª",,,,
190,"BE","Ôææ","","‚òª","‚òª","‚óè","‚òª","‚òª","‚òª","","‚òª",,,,
191,"BF","Ôæø","‚òª","‚òª","‚òª","‚óè","‚òª","‚òª","‚òª","","‚òª",,,,
192,"C0","ÔøÄ","","","","‚óè","","","","‚òª","‚òª",,,,
193,"C1","ÔøÅ","‚òª","","","‚óè","","","","‚òª","‚òª",,,,
194,"C2","ÔøÇ","","‚òª","","‚óè","","","","‚òª","‚òª",,,,
195,"C3","ÔøÉ","‚òª","‚òª","","‚óè","","","","‚òª","‚òª",,,,
196,"C4","ÔøÑ","","","‚òª","‚óè","","","","‚òª","‚òª",,,,
197,"C5","ÔøÖ","‚òª","","‚òª","‚óè","","","","‚òª","‚òª",,,,
198,"C6","ÔøÜ","","‚òª","‚òª","‚óè","","","","‚òª","‚òª",,,,
199,"C7","Ôøá","‚òª","‚òª","‚òª","‚óè","","","","‚òª","‚òª","-","_",,
200,"C8","Ôøà","","","","‚óè","‚òª","","","‚òª","‚òª",,,,
201,"C9","Ôøâ","‚òª","","","‚óè","‚òª","","","‚òª","‚òª",,,,
202,"CA","Ôøä","","‚òª","","‚óè","‚òª","","","‚òª","‚òª",,,,
203,"CB","Ôøã","‚òª","‚òª","","‚óè","‚òª","","","‚òª","‚òª",,,,
204,"CC","Ôøå","","","‚òª","‚óè","‚òª","","","‚òª","‚òª",,,,
205,"CD","Ôøç","‚òª","","‚òª","‚óè","‚òª","","","‚òª","‚òª",,,,
206,"CE","Ôøé","","‚òª","‚òª","‚óè","‚òª","","","‚òª","‚òª",,,,
207,"CF","Ôøè","‚òª","‚òª","‚òª","‚óè","‚òª","","","‚òª","‚òª",,,,
208,"D0","Ôøê","","","","‚óè","","‚òª","","‚òª","‚òª",,,,
209,"D1","Ôøë","‚òª","","","‚óè","","‚òª","","‚òª","‚òª",,,,
210,"D2","Ôøí","","‚òª","","‚óè","","‚òª","","‚òª","‚òª",,,,
211,"D3","Ôøì","‚òª","‚òª","","‚óè","","‚òª","","‚òª","‚òª",,,,
212,"D4","Ôøî","","","‚òª","‚óè","","‚òª","","‚òª","‚òª",,,,
213,"D5","Ôøï","‚òª","","‚òª","‚óè","","‚òª","","‚òª","‚òª",,,,
214,"D6","Ôøñ","","‚òª","‚òª","‚óè","","‚òª","","‚òª","‚òª",,,,
215,"D7","Ôøó","‚òª","‚òª","‚òª","‚óè","","‚òª","","‚òª","‚òª",,,,
216,"D8","Ôøò","","","","‚óè","‚òª","‚òª","","‚òª","‚òª",,,,
217,"D9","Ôøô","‚òª","","","‚óè","‚òª","‚òª","","‚òª","‚òª",,,,
218,"DA","Ôøö","","‚òª","","‚óè","‚òª","‚òª","","‚òª","‚òª",,,,
219,"DB","Ôøõ","‚òª","‚òª","","‚óè","‚òª","‚òª","","‚òª","‚òª",,,,
220,"DC","Ôøú","","","‚òª","‚óè","‚òª","‚òª","","‚òª","‚òª",,,,
221,"DD","Ôøù","‚òª","","‚òª","‚óè","‚òª","‚òª","","‚òª","‚òª",,,,
222,"DE","Ôøû","","‚òª","‚òª","‚óè","‚òª","‚òª","","‚òª","‚òª",,,,
223,"DF","Ôøü","‚òª","‚òª","‚òª","‚óè","‚òª","‚òª","","‚òª","‚òª",,,,
224,"E0","Ôø†","","","","‚óè","","","‚òª","‚òª","‚òª",,,,
225,"E1","Ôø°","‚òª","","","‚óè","","","‚òª","‚òª","‚òª",,,,
226,"E2","Ôø¢","","‚òª","","‚óè","","","‚òª","‚òª","‚òª",,,,
227,"E3","Ôø£","‚òª","‚òª","","‚óè","","","‚òª","‚òª","‚òª",,,,
228,"E4","Ôø§","","","‚òª","‚óè","","","‚òª","‚òª","‚òª",,,,
229,"E5","Ôø•","‚òª","","‚òª","‚óè","","","‚òª","‚òª","‚òª",,,,
230,"E6","Ôø¶","","‚òª","‚òª","‚óè","","","‚òª","‚òª","‚òª",,,,
231,"E7","Ôøß","‚òª","‚òª","‚òª","‚óè","","","‚òª","‚òª","‚òª",,,,
232,"E8","Ôø®","","","","‚óè","‚òª","","‚òª","‚òª","‚òª",,,,
233,"E9","Ôø©","‚òª","","","‚óè","‚òª","","‚òª","‚òª","‚òª",,,,
234,"EA","Ôø™","","‚òª","","‚óè","‚òª","","‚òª","‚òª","‚òª",,,,
235,"EB","Ôø´","‚òª","‚òª","","‚óè","‚òª","","‚òª","‚òª","‚òª",,,,
236,"EC","Ôø¨","","","‚òª","‚óè","‚òª","","‚òª","‚òª","‚òª",,,,
237,"ED","Ôø≠","‚òª","","‚òª","‚óè","‚òª","","‚òª","‚òª","‚òª",,,,
238,"EE","ÔøÆ","","‚òª","‚òª","‚óè","‚òª","","‚òª","‚òª","‚òª",,,,
239,"EF","ÔøØ","‚òª","‚òª","‚òª","‚óè","‚òª","","‚òª","‚òª","‚òª",,,,
240,"F0","Ôø∞","","","","‚óè","","‚òª","‚òª","‚òª","‚òª",,,,
241,"F1","Ôø±","‚òª","","","‚óè","","‚òª","‚òª","‚òª","‚òª",,,,
242,"F2","Ôø≤","","‚òª","","‚óè","","‚òª","‚òª","‚òª","‚òª",,,,
243,"F3","Ôø≥","‚òª","‚òª","","‚óè","","‚òª","‚òª","‚òª","‚òª",,,,
244,"F4","Ôø¥","","","‚òª","‚óè","","‚òª","‚òª","‚òª","‚òª",,,,
245,"F5","Ôøµ","‚òª","","‚òª","‚óè","","‚òª","‚òª","‚òª","‚òª",,,,
246,"F6","Ôø∂","","‚òª","‚òª","‚óè","","‚òª","‚òª","‚òª","‚òª",,,,
247,"F7","Ôø∑","‚òª","‚òª","‚òª","‚óè","","‚òª","‚òª","‚òª","‚òª",,,,
248,"F8","Ôø∏","","","","‚óè","‚òª","‚òª","‚òª","‚òª","‚òª",,,,
249,"F9","Ôøπ","‚òª","","","‚óè","‚òª","‚òª","‚òª","‚òª","‚òª",,,,
250,"FA","Ôø∫","","‚òª","","‚óè","‚òª","‚òª","‚òª","‚òª","‚òª",,,,
251,"FB","Ôøª","‚òª","‚òª","","‚óè","‚òª","‚òª","‚òª","‚òª","‚òª",,,,
252,"FC","Ôøº","","","‚òª","‚óè","‚òª","‚òª","‚òª","‚òª","‚òª",,,,
253,"FD","ÔøΩ","‚òª","","‚òª","‚óè","‚òª","‚òª","‚òª","‚òª","‚òª",,,,
254,"FE","?","","‚òª","‚òª","‚óè","‚òª","‚òª","‚òª","‚òª","‚òª",,,,
255,"FF","?","‚òª","‚òª","‚òª","‚óè","‚òª","‚òª","‚òª","‚òª","‚òª",,,,
,,,,,,,,,,,,,,,
"‚òª","‚óè",,,,,,,,,,,,,,
".",,,,,,,,,,,,,,,
